StartDate,EndDate,Status,IPAddress,Progress,Duration (in seconds),Finished,RecordedDate,ResponseId,RecipientLastName,RecipientFirstName,RecipientEmail,ExternalReference,LocationLatitude,LocationLongitude,DistributionChannel,UserLanguage,S01,S02,S03,S04,S05,S06,S07,S08,S09,S10,S11,S12,S13,S14,S15,S16,S17,S18,S19,S20,P01,Q82,Q83,Q84,Q85,Q86,Q87,Q88,Q89,Q90,Q91,Q92,Q93,Q94,Q95,Q96,Q97,Q98,Q99,Q100,Q101,D1,D2,CompletionCode,Topic,Enter Embedded Data Field Name Here...
Start Date,End Date,Response Type,IP Address,Progress,Duration (in seconds),Finished,Recorded Date,Response ID,Recipient Last Name,Recipient First Name,Recipient Email,External Data Reference,Location Latitude,Location Longitude,Distribution Channel,User Language,"I believe the following statement:


When cut in half, an earthworm can continue to live as two worms.","I believe the following statement:


There are more lifeforms living on your skin than there are people on the planet Earth.","I believe the following statement:
Contact with rust can cause a tetanus infection.","I believe the following statement:
The eye muscles move 100,000 times a day.","I believe the following statement:

A single cloud cannot weigh more than 1 million pounds.","I believe the following statement:
An adult human skeleton has 216 bones.","I believe the following statement:
Zebras are black with white stripes.","I believe the following statement:

Goldfish have a memory span of only a few seconds.","I believe the following statement:
 

Schizophrenia is another name for multiple personality disorder.","I believe the following statement:
 

Bananas grow on trees.","I believe the following statement:

On Saturn, it can rain diamonds.","I believe the following statement:
Humans only use 10% of their brains.","I believe the following statement:
Bananas are berries.","I believe the following statement:
 

Meteorites can be cold when they impact the Earth's surface.","I believe the following statement:


The human body contains enough carbon to fill 9,000 pencils.","I believe the following statement:
 

Sharks can contract cancer.","I believe the following statement:
 

The average human body contains 12 pints of blood.","I believe the following statement:
 

A blue whale's heart is the size of a truck.","I believe the following statement:
 

25% of all bones in the human body are in the feet.","I believe the following statement:
 

A human has more than five senses.","I believe the following statement:

Black Beatles is the song that was used for the mannequin challenge","I believe the following statement:

Charlie Chaplin outlived Elvis Presley.","I believe the following statement:



Harry Potter and the Deathly Hallows was released in 2007","I believe the following statement:



In the film Frozen, the fictional kingdom is called Arendelle.","I believe the following statement:



In the film Star Wars Episode V: The Empire Strikes Back, Darth Vader says the line: ""No. I am your father.""",I believe the following statement:,"I believe the following statement:

Puma has had collaborations with the likes of Rihanna, Kylie Jenner, and The Weekend.","I believe the following statement:

Punk Rock Music emerged in the 1970s,  featuring themes of heavier and louder sounds with anti-establishment lyrics.","I believe the following statement:

Taylor Swift won the 2016 Grammy for Album of the Year with the album ""1989"".","I believe the following statement:

Titanic and La La Land both have received 14 Oscar nominations.","I believe the following statement:

Albert is the name of Batman's butler.","I believe the following statement:

Alexander McQueen, a leading fashion designer, was found dead in his Paris studio in February 2010.","I believe the following statement:

Angelina Jolie and Brad Pitt have been married for 14 years.","I believe the following statement:

Hawkeye's real name is Bart Clinton.","I believe the following statement:



In 1968, the TV series Star Trek featured the first interracial kiss aired on American TV.","I believe the following statement:



In the film Alien, Sigurney Weaver's spaceship is called the ""Nostremo.""","I believe the following statement:



In the film Casablanca, Ingrid Bergman's character, Ilsa Lund, says the line: ""Play it again, Sam.""","I believe the following statement:



Jayne Mansfield, the famous Hitchcock leading lady, was the mother of Jamie Lee Curtis.","I believe the following statement:

Popstar Rihanna is from the Bahamas.","I believe the following statement:

When Marvel's Steve Rogers was 21 years old, he received the Super-Serum, turning him into Captain America.","I believe the following statement:
 

Do not answer this question. Just press the arrow to continue.",What is your year of birth?,What is your sex?,CompletionCode,Topic,Enter Embedded Data Field Name Here...
"{""ImportId"":""startDate"",""timeZone"":""America/Denver""}","{""ImportId"":""endDate"",""timeZone"":""America/Denver""}","{""ImportId"":""status""}","{""ImportId"":""ipAddress""}","{""ImportId"":""progress""}","{""ImportId"":""duration""}","{""ImportId"":""finished""}","{""ImportId"":""recordedDate"",""timeZone"":""America/Denver""}","{""ImportId"":""_recordId""}","{""ImportId"":""recipientLastName""}","{""ImportId"":""recipientFirstName""}","{""ImportId"":""recipientEmail""}","{""ImportId"":""externalDataReference""}","{""ImportId"":""locationLatitude""}","{""ImportId"":""locationLongitude""}","{""ImportId"":""distributionChannel""}","{""ImportId"":""userLanguage""}","{""ImportId"":""QID5""}","{""ImportId"":""QID11""}","{""ImportId"":""QID14""}","{""ImportId"":""QID17""}","{""ImportId"":""QID20""}","{""ImportId"":""QID23""}","{""ImportId"":""QID29""}","{""ImportId"":""QID32""}","{""ImportId"":""QID35""}","{""ImportId"":""QID38""}","{""ImportId"":""QID41""}","{""ImportId"":""QID44""}","{""ImportId"":""QID47""}","{""ImportId"":""QID53""}","{""ImportId"":""QID56""}","{""ImportId"":""QID59""}","{""ImportId"":""QID68""}","{""ImportId"":""QID69""}","{""ImportId"":""QID70""}","{""ImportId"":""QID71""}","{""ImportId"":""QID81""}","{""ImportId"":""QID82""}","{""ImportId"":""QID83""}","{""ImportId"":""QID84""}","{""ImportId"":""QID85""}","{""ImportId"":""QID86""}","{""ImportId"":""QID87""}","{""ImportId"":""QID88""}","{""ImportId"":""QID89""}","{""ImportId"":""QID90""}","{""ImportId"":""QID91""}","{""ImportId"":""QID92""}","{""ImportId"":""QID93""}","{""ImportId"":""QID94""}","{""ImportId"":""QID95""}","{""ImportId"":""QID96""}","{""ImportId"":""QID97""}","{""ImportId"":""QID98""}","{""ImportId"":""QID99""}","{""ImportId"":""QID100""}","{""ImportId"":""QID64""}","{""ImportId"":""QID73_TEXT""}","{""ImportId"":""QID78""}","{""ImportId"":""CompletionCode""}","{""ImportId"":""Topic""}","{""ImportId"":""Enter Embedded Data Field Name Here...""}"
2017-11-27 17:07:56,2017-11-27 17:09:06,IP Address,50.46.223.205,100,69,True,2017-11-27 17:09:07,R_11iwdUXm55mT5tn,,,,,47.720504760742,-122.20669555664,anonymous,EN,,,,,,,,,,,,,,,,,,,,,Agree,Undecided,Disagree,Undecided,Strongly Agree,Strongly Agree,Undecided,Undecided,Disagree,Disagree,Agree,Disagree,Strongly Agree,Disagree,Undecided,Strongly Agree,Strongly Disagree,Agree,Agree,Strongly Agree,,1871,Male,48976800,PopCulture,
2017-11-27 17:44:56,2017-11-27 17:48:16,IP Address,66.192.183.244,100,200,True,2017-11-27 17:48:17,R_3j84D8AKIoQ2abo,,,,,47.61540222168,-122.21029663086,anonymous,EN,Agree,Agree,Agree,Agree,Disagree,Undecided,Agree,Agree,Agree,Undecided,Agree,Agree,Disagree,Disagree,Agree,Agree,Agree,Disagree,Disagree,Undecided,,,,,,,,,,,,,,,,,,,,,,1993,Female,92113181,Science,
2017-11-27 22:00:15,2017-11-27 22:01:52,IP Address,24.145.27.111,100,97,True,2017-11-27 22:01:53,R_BzhYfgeMtwhbM2J,,,,,40.292297363281,-78.9833984375,anonymous,EN,Strongly Disagree,Agree,Strongly Disagree,Undecided,Strongly Disagree,Undecided,Undecided,Undecided,Strongly Disagree,Agree,Strongly Agree,Disagree,Agree,Undecided,Undecided,Strongly Disagree,Disagree,Strongly Agree,Agree,Strongly Agree,,,,,,,,,,,,,,,,,,,,,,1974,Male,53683368,Science,
2017-11-27 22:00:41,2017-11-27 22:03:59,IP Address,67.48.186.47,100,197,True,2017-11-27 22:04:00,R_2P5TnSNuIhfvgoG,,,,,26.245407104492,-97.683601379395,anonymous,EN,,,,,,,,,,,,,,,,,,,,,Disagree,Agree,Agree,Agree,Disagree,Undecided,Agree,Agree,Disagree,Undecided,Agree,Agree,Disagree,Undecided,Agree,Undecided,Undecided,Agree,Disagree,Disagree,,1988,Female,20433264,PopCulture,
2017-11-27 22:38:07,2017-11-27 22:41:05,IP Address,70.177.182.253,100,177,True,2017-11-27 22:41:06,R_12Aatd9Au3xLjyZ,,,,,33.65739440918,-112.24629974365,anonymous,EN,Disagree,Agree,Strongly Agree,Strongly Agree,Strongly Disagree,Strongly Disagree,Strongly Agree,Strongly Agree,Undecided,Strongly Agree,Strongly Agree,Agree,Agree,Strongly Agree,Disagree,Strongly Agree,Strongly Disagree,Strongly Agree,Strongly Disagree,Disagree,,,,,,,,,,,,,,,,,,,,,,1984,Female,75560975,Science,
2017-11-27 23:27:39,2017-11-27 23:29:48,IP Address,108.46.62.239,100,128,True,2017-11-27 23:29:49,R_2WHGbMAlJuBpx7q,,,,,40.780899047852,-73.778999328613,anonymous,EN,Strongly Agree,Disagree,Agree,Agree,Agree,Strongly Agree,Strongly Agree,Undecided,Strongly Agree,Strongly Agree,Strongly Disagree,Undecided,Strongly Disagree,Undecided,Strongly Agree,Strongly Disagree,Undecided,Agree,Undecided,Disagree,,,,,,,,,,,,,,,,,,,,,,1982,Male,94021369,Science,
2017-11-27 23:27:38,2017-11-27 23:30:29,IP Address,98.160.169.193,100,171,True,2017-11-27 23:30:30,R_2pLVCdkPzusBjcw,,,,,36.058395385742,-115.05840301514,anonymous,EN,,,,,,,,,,,,,,,,,,,,,Undecided,Strongly Agree,Agree,Undecided,Agree,Undecided,Undecided,Strongly Agree,Agree,Disagree,Strongly Disagree,Undecided,Agree,Disagree,Strongly Agree,Undecided,Strongly Disagree,Strongly Disagree,Undecided,Agree,,1973,Female,13299051,PopCulture,
2017-11-27 23:29:10,2017-11-27 23:30:57,IP Address,104.173.218.98,100,106,True,2017-11-27 23:30:58,R_vwOsKQVsBiTQN3j,,,,,34.029098510742,-118.39929962158,anonymous,EN,,,,,,,,,,,,,,,,,,,,,Undecided,Strongly Disagree,Agree,Strongly Agree,Strongly Agree,Undecided,Agree,Agree,Undecided,Agree,Strongly Disagree,Undecided,Undecided,Strongly Disagree,Strongly Agree,Strongly Disagree,Strongly Disagree,Disagree,Undecided,Strongly Agree,,1982,Male,41060485,PopCulture,
2017-11-27 23:30:26,2017-11-27 23:32:41,IP Address,73.214.83.191,100,134,True,2017-11-27 23:32:42,R_yrIY2CjfSpSLPUZ,,,,,39.645599365234,-79.943298339844,anonymous,EN,,,,,,,,,,,,,,,,,,,,,Undecided,Strongly Disagree,Strongly Agree,Undecided,Strongly Agree,Undecided,Agree,Strongly Agree,Strongly Agree,Undecided,Strongly Disagree,Undecided,Undecided,Strongly Disagree,Strongly Agree,Strongly Disagree,Strongly Disagree,Undecided,Strongly Disagree,Strongly Agree,,1980,Male,41176616,PopCulture,
2017-11-27 23:31:13,2017-11-27 23:33:30,IP Address,216.71.18.135,100,137,True,2017-11-27 23:33:31,R_1M5Aa7KSFUOmMJb,,,,,44.120895385742,-103.19779968262,anonymous,EN,Disagree,Agree,Agree,Disagree,Agree,Agree,Disagree,Agree,Agree,Agree,Disagree,Disagree,Disagree,Disagree,Undecided,Undecided,Undecided,Undecided,Undecided,Strongly Agree,,,,,,,,,,,,,,,,,,,,,,1979,Male,56719078,Science,
2017-11-27 23:31:34,2017-11-27 23:33:56,IP Address,98.209.43.236,100,141,True,2017-11-27 23:33:56,R_238j7JP5BPgsRGu,,,,,42.704193115234,-84.409797668457,anonymous,EN,Strongly Agree,Agree,Strongly Agree,Agree,Undecided,Disagree,Strongly Agree,Agree,Undecided,Strongly Agree,Strongly Agree,Disagree,Undecided,Agree,Undecided,Agree,Agree,Disagree,Strongly Disagree,Disagree,,,,,,,,,,,,,,,,,,,,,,1984,Male,37005690,Science,
2017-11-27 23:32:28,2017-11-27 23:35:45,IP Address,162.244.81.172,100,197,True,2017-11-27 23:35:47,R_2TtkRKMRyhwEFKS,,,,,44.433303833008,26.100006103516,anonymous,EN,,,,,,,,,,,,,,,,,,,,,Strongly Agree,Agree,Agree,Agree,Undecided,Agree,Agree,Agree,Agree,Agree,Disagree,Agree,Agree,Strongly Agree,Undecided,Agree,Agree,Undecided,Agree,Agree,Agree,1987,Male,99854064,PopCulture,
2017-11-27 23:33:32,2017-11-27 23:35:47,IP Address,174.194.8.246,100,135,True,2017-11-27 23:35:49,R_2sbUFv3NVU4uPq2,,,,,35.227096557617,-80.843101501465,anonymous,EN,Strongly Agree,Undecided,Strongly Agree,Strongly Agree,Strongly Agree,Strongly Disagree,Strongly Disagree,Agree,Strongly Disagree,Strongly Agree,Strongly Agree,Strongly Agree,Strongly Disagree,Strongly Agree,Agree,Strongly Agree,Disagree,Strongly Disagree,Strongly Agree,Strongly Agree,,,,,,,,,,,,,,,,,,,,,,1970,Female,28182681,Science,
2017-11-27 23:34:49,2017-11-27 23:36:33,IP Address,162.238.28.107,100,104,True,2017-11-27 23:36:34,R_1mkjHiVY30yY8AN,,,,,37.867202758789,-122.25680541992,anonymous,EN,Strongly Agree,Disagree,Agree,Disagree,Agree,Strongly Disagree,Strongly Agree,Agree,Disagree,Strongly Agree,Disagree,Strongly Agree,Strongly Disagree,Undecided,Undecided,Agree,Agree,Agree,Agree,Strongly Agree,,,,,,,,,,,,,,,,,,,,,,1993,Female,51747852,Science,
2017-11-27 23:34:18,2017-11-27 23:39:10,IP Address,74.141.213.16,100,291,True,2017-11-27 23:39:11,R_30l76oEHh0IEzdn,,,,,37.094100952148,-86.428596496582,anonymous,EN,,,,,,,,,,,,,,,,,,,,,Undecided,Strongly Disagree,Strongly Agree,Strongly Agree,Strongly Agree,Undecided,Strongly Agree,Agree,Agree,Agree,Strongly Disagree,Strongly Agree,Strongly Disagree,Agree,Strongly Agree,Disagree,Agree,Strongly Agree,Disagree,Agree,,1972,Female,32406829,PopCulture,
2017-11-27 23:35:59,2017-11-27 23:39:17,IP Address,76.168.72.51,100,198,True,2017-11-27 23:39:18,R_5C5VlraPOHZO6Pf,,,,,33.973495483398,-118.24520111084,anonymous,EN,Agree,Disagree,Agree,Agree,Agree,Disagree,Agree,Agree,Disagree,Agree,Disagree,Disagree,Strongly Disagree,Disagree,Disagree,Disagree,Disagree,Agree,Agree,Disagree,,,,,,,,,,,,,,,,,,,,,,1975,Female,82509720,Science,
2017-11-27 23:36:40,2017-11-27 23:39:34,IP Address,23.124.67.210,100,173,True,2017-11-27 23:39:35,R_PG91ZGKOoqcOf97,,,,,34.905395507812,-87.506797790527,anonymous,EN,,,,,,,,,,,,,,,,,,,,,Agree,Disagree,Disagree,Agree,Agree,Strongly Disagree,Agree,Agree,Disagree,Agree,Disagree,Agree,Agree,Agree,Strongly Agree,Agree,Disagree,Strongly Agree,Strongly Disagree,Agree,,1979,Female,20616755,PopCulture,
2017-11-27 23:39:53,2017-11-27 23:41:35,IP Address,192.127.94.7,100,102,True,2017-11-27 23:41:36,R_Tve0Ll3EdxqEkvf,,,,,33.979095458984,-84.149398803711,anonymous,EN,Agree,Strongly Agree,Strongly Agree,Undecided,Strongly Agree,Strongly Agree,Strongly Disagree,Agree,Strongly Agree,Strongly Agree,Strongly Disagree,Strongly Agree,Strongly Disagree,Strongly Disagree,Disagree,Strongly Disagree,Strongly Agree,Strongly Agree,Strongly Agree,Strongly Disagree,,,,,,,,,,,,,,,,,,,,,,1975,Male,91686630,Science,
2017-11-27 23:41:01,2017-11-27 23:44:15,IP Address,174.25.113.93,100,194,True,2017-11-27 23:44:16,R_3fcVm48tTJOPmfh,,,,,45.64469909668,-122.62979888916,anonymous,EN,,,,,,,,,,,,,,,,,,,,,Agree,Strongly Agree,Undecided,Undecided,Strongly Agree,Undecided,Undecided,Agree,Disagree,Strongly Agree,Strongly Agree,Strongly Agree,Strongly Agree,Agree,Strongly Agree,Agree,Strongly Disagree,Disagree,Agree,Undecided,,1949,Male,96242900,PopCulture,
2017-11-27 23:43:23,2017-11-27 23:45:45,IP Address,73.247.192.128,100,141,True,2017-11-27 23:45:46,R_2PbARso6wUeVeqa,,,,,41.191604614258,-87.855499267578,anonymous,EN,Strongly Agree,Agree,Strongly Agree,Agree,Strongly Agree,Agree,Strongly Agree,Agree,Strongly Agree,Strongly Agree,Undecided,Disagree,Strongly Disagree,Undecided,Undecided,Disagree,Agree,Undecided,Disagree,Strongly Agree,,,,,,,,,,,,,,,,,,,,,,1979,Female,21016561,Science,
2017-11-27 23:46:22,2017-11-27 23:51:00,IP Address,50.26.149.130,100,277,True,2017-11-27 23:51:01,R_3k1b7iC5Uob1Fmr,,,,,35.16130065918,-101.87899780273,anonymous,EN,Agree,Strongly Agree,Strongly Agree,Agree,Agree,Agree,Strongly Agree,Agree,Strongly Agree,Agree,Disagree,Agree,Strongly Disagree,Disagree,Disagree,Agree,Disagree,Agree,Agree,Disagree,,,,,,,,,,,,,,,,,,,,,,1986,Female,63741167,Science,
2017-11-27 23:51:06,2017-11-27 23:52:33,IP Address,74.136.62.181,100,87,True,2017-11-27 23:52:34,R_2XgOvE8NoEZJvLi,,,,,37.995193481445,-84.368896484375,anonymous,EN,,,,,,,,,,,,,,,,,,,,,Disagree,Agree,Strongly Agree,Strongly Agree,Strongly Disagree,Strongly Agree,Agree,Agree,Agree,Disagree,Disagree,Agree,Strongly Disagree,Agree,Agree,Disagree,Agree,Strongly Agree,Strongly Disagree,Disagree,,1987,Female,71532101,PopCulture,
2017-11-27 23:36:07,2017-11-27 23:53:16,IP Address,132.205.236.34,100,1028,True,2017-11-27 23:53:17,R_1LYYrfrlu7w7Zjf,,,,,45.500900268555,-73.587699890137,anonymous,EN,,,,,,,,,,,,,,,,,,,,,Undecided,Strongly Agree,Undecided,Agree,Agree,Strongly Agree,Agree,Agree,Undecided,Agree,Undecided,Disagree,Disagree,Strongly Disagree,Agree,Undecided,Disagree,Undecided,Strongly Disagree,Disagree,Strongly Agree,1990,Male,33649298,PopCulture,
2017-11-27 23:52:41,2017-11-27 23:55:19,IP Address,64.120.56.10,100,158,True,2017-11-27 23:55:20,R_22lW8j0l9m0qEfj,,,,,33.6748046875,-111.95189666748,anonymous,EN,Agree,Agree,Agree,Agree,Agree,Agree,Disagree,Agree,Disagree,Agree,Agree,Agree,Disagree,Agree,Agree,Agree,Agree,Agree,Disagree,Disagree,,,,,,,,,,,,,,,,,,,,,,1982,Male,63137545,Science,
2017-11-27 23:53:03,2017-11-27 23:55:21,IP Address,97.90.155.162,100,137,True,2017-11-27 23:55:22,R_27NaVYg7VCtJoDy,,,,,33.78239440918,-118.14440155029,anonymous,EN,,,,,,,,,,,,,,,,,,,,,Disagree,Strongly Agree,Agree,Strongly Agree,Strongly Disagree,Undecided,Agree,Agree,Strongly Disagree,Agree,Strongly Agree,Undecided,Agree,Agree,Agree,Agree,Disagree,Undecided,Agree,Agree,,1994,Male,90735559,PopCulture,
2017-11-27 23:54:18,2017-11-27 23:56:11,IP Address,172.58.104.129,100,112,True,2017-11-27 23:56:12,R_2CB0ErEkur6UUul,,,,,32.873092651367,-96.745903015137,anonymous,EN,Undecided,Strongly Agree,Strongly Agree,Agree,Strongly Disagree,Strongly Agree,Strongly Agree,Strongly Disagree,Disagree,Strongly Agree,Strongly Disagree,Strongly Disagree,Strongly Agree,Disagree,Disagree,Undecided,Agree,Strongly Disagree,Agree,Strongly Agree,,,,,,,,,,,,,,,,,,,,,,1991,Male,46169790,Science,
2017-11-27 23:58:40,2017-11-28 00:02:20,IP Address,96.239.179.104,100,220,True,2017-11-28 00:02:22,R_efKtlR2SEkQDF4Z,,,,,38.403106689453,-78.891403198242,anonymous,EN,,,,,,,,,,,,,,,,,,,,,Undecided,Agree,Agree,Agree,Strongly Disagree,Undecided,Undecided,Undecided,Strongly Agree,Undecided,Undecided,Strongly Disagree,Strongly Agree,Undecided,Strongly Agree,Undecided,Undecided,Undecided,Strongly Agree,Strongly Disagree,,1993,Female,40034273,PopCulture,
2017-11-28 00:06:10,2017-11-28 00:08:36,IP Address,73.252.176.233,100,145,True,2017-11-28 00:08:37,R_1OHR3WZAKjJznUc,,,,,38.557495117188,-122.15539550781,anonymous,EN,Strongly Agree,Undecided,Agree,Agree,Agree,Undecided,Agree,Strongly Agree,Strongly Disagree,Strongly Agree,Disagree,Disagree,Undecided,Agree,Agree,Undecided,Disagree,Agree,Disagree,Disagree,,,,,,,,,,,,,,,,,,,,,,1991,Female,61162501,Science,
2017-11-28 00:05:34,2017-11-28 00:08:58,IP Address,174.62.208.10,100,204,True,2017-11-28 00:08:59,R_UxwEMejzOW2vidb,,,,,41.563293457031,-70.984199523926,anonymous,EN,Disagree,Agree,Agree,Agree,Agree,Undecided,Agree,Agree,Disagree,Agree,Disagree,Agree,Agree,Undecided,Undecided,Agree,Undecided,Undecided,Agree,Disagree,,,,,,,,,,,,,,,,,,,,,,1974,Male,96147070,Science,
2017-11-27 23:58:24,2017-11-28 00:09:33,IP Address,216.96.36.86,100,668,True,2017-11-28 00:09:34,R_3k1kdhpcDPyVXhe,,,,,31.719802856445,-83.213203430176,anonymous,EN,Agree,Agree,Agree,Disagree,Agree,Disagree,Agree,Strongly Disagree,Disagree,Agree,Agree,Disagree,Agree,Undecided,Agree,Agree,Disagree,Undecided,Agree,Agree,,,,,,,,,,,,,,,,,,,,,,1969,Female,44780349,Science,
2017-11-28 00:03:26,2017-11-28 00:09:39,IP Address,208.54.36.215,100,372,True,2017-11-28 00:09:40,R_xa1J1V9mNQzebE5,,,,,42.365997314453,-71.123001098633,anonymous,EN,Undecided,Disagree,Strongly Agree,Undecided,Strongly Agree,Disagree,Undecided,Strongly Agree,Strongly Disagree,Strongly Agree,Disagree,Strongly Agree,Undecided,Strongly Agree,Undecided,Agree,Disagree,Disagree,Strongly Agree,Undecided,,,,,,,,,,,,,,,,,,,,,,1992,Female,98448080,Science,
2017-11-28 00:07:42,2017-11-28 00:10:02,IP Address,24.47.148.214,100,139,True,2017-11-28 00:10:02,R_1Oq1CobmRLBqlGB,,,,,41.224105834961,-73.051696777344,anonymous,EN,,,,,,,,,,,,,,,,,,,,,Undecided,Undecided,Undecided,Undecided,Undecided,Undecided,Undecided,Strongly Agree,Agree,Undecided,Strongly Agree,Undecided,Undecided,Undecided,Undecided,Undecided,Strongly Agree,Undecided,Strongly Agree,Undecided,,1980,Male,43142248,PopCulture,
2017-11-28 00:07:50,2017-11-28 00:10:16,IP Address,75.135.211.103,100,146,True,2017-11-28 00:10:17,R_3lrDHo0o3h8FHt3,,,,,40.764404296875,-99.019401550293,anonymous,EN,,,,,,,,,,,,,,,,,,,,,Undecided,Strongly Agree,Agree,Disagree,Strongly Agree,Undecided,Agree,Strongly Agree,Disagree,Disagree,Strongly Disagree,Undecided,Disagree,Agree,Agree,Undecided,Undecided,Disagree,Disagree,Agree,,1978,Male,13221852,PopCulture,
2017-11-28 00:05:14,2017-11-28 00:10:38,IP Address,108.88.241.151,100,323,True,2017-11-28 00:10:39,R_2X7Lp9XBwAgNCu0,,,,,30.40299987793,-88.966003417969,anonymous,EN,,,,,,,,,,,,,,,,,,,,,Disagree,Agree,Agree,Disagree,Agree,Undecided,Strongly Agree,Disagree,Disagree,Agree,Disagree,Agree,Disagree,Strongly Disagree,Strongly Agree,Agree,Agree,Disagree,Agree,Agree,,1991,Female,59543590,PopCulture,
2017-11-28 00:17:47,2017-11-28 00:19:12,IP Address,98.227.97.139,100,85,True,2017-11-28 00:19:13,R_3oTv4xOPnLNI3At,,,,,42.456298828125,-87.870399475098,anonymous,EN,Undecided,Agree,Agree,Agree,Agree,Agree,Undecided,Agree,Agree,Disagree,Strongly Disagree,Strongly Disagree,Strongly Disagree,Agree,Undecided,Undecided,Agree,Agree,Agree,Disagree,,,,,,,,,,,,,,,,,,,,,,1974,Male,77390323,Science,
2017-11-28 00:18:41,2017-11-28 00:20:54,IP Address,70.215.130.184,100,132,True,2017-11-28 00:20:54,R_2pMoZXCouZB7QxX,,,,,34.917999267578,-89.821601867676,anonymous,EN,Agree,Agree,Disagree,Agree,Disagree,Agree,Strongly Agree,Disagree,Strongly Agree,Strongly Agree,Agree,Agree,Disagree,Disagree,Undecided,Agree,Disagree,Agree,Agree,Disagree,,,,,,,,,,,,,,,,,,,,,,1981,Male,10486867,Science,
2017-11-28 00:20:11,2017-11-28 00:24:02,IP Address,162.244.81.173,100,231,True,2017-11-28 00:24:03,R_1DvB8Ytjrb1A76S,,,,,44.433303833008,26.100006103516,anonymous,EN,,,,,,,,,,,,,,,,,,,,,Agree,Agree,Agree,Agree,Agree,Undecided,Undecided,Agree,Agree,Agree,Undecided,Agree,Agree,Agree,Undecided,Agree,Undecided,Agree,Agree,Agree,Agree,1986,Male,21632897,PopCulture,
2017-11-28 00:21:58,2017-11-28 00:24:26,IP Address,50.32.224.107,100,148,True,2017-11-28 00:24:27,R_3MGXKplZPPLExJw,,,,,39.863098144531,-76.152496337891,anonymous,EN,,,,,,,,,,,,,,,,,,,,,Disagree,Disagree,Disagree,Agree,Agree,Undecided,Strongly Agree,Agree,Disagree,Agree,Strongly Agree,Undecided,Disagree,Disagree,Strongly Agree,Agree,Agree,Disagree,Agree,Agree,,1992,Female,77987871,PopCulture,
2017-11-28 00:22:51,2017-11-28 00:25:12,IP Address,66.31.209.176,100,141,True,2017-11-28 00:25:13,R_3gOukbGZYTnezo5,,,,,42.365203857422,-71.055099487305,anonymous,EN,Strongly Agree,Strongly Agree,Strongly Agree,Strongly Agree,Strongly Agree,Strongly Disagree,Undecided,Strongly Agree,Strongly Agree,Strongly Agree,Strongly Agree,Strongly Agree,Strongly Disagree,Strongly Agree,Strongly Agree,Strongly Disagree,Strongly Agree,Strongly Disagree,Strongly Disagree,Strongly Agree,,,,,,,,,,,,,,,,,,,,,,1986,Male,16193099,Science,
2017-11-28 00:24:38,2017-11-28 00:26:25,IP Address,141.155.190.188,100,106,True,2017-11-28 00:26:26,R_29phJxoBN0etTK7,,,,,40.670501708984,-74.106399536133,anonymous,EN,Disagree,Strongly Agree,Strongly Agree,Strongly Agree,Undecided,Agree,Agree,Disagree,Strongly Disagree,Agree,Strongly Disagree,Strongly Disagree,Undecided,Disagree,Agree,Undecided,Undecided,Strongly Agree,Disagree,Agree,,,,,,,,,,,,,,,,,,,,,,1988,Female,34267100,Science,
2017-11-28 00:25:10,2017-11-28 00:28:18,IP Address,99.105.80.78,100,188,True,2017-11-28 00:28:19,R_3lMrx9f64aF275R,,,,,41.392807006836,-81.734703063965,anonymous,EN,,,,,,,,,,,,,,,,,,,,,Undecided,Agree,Agree,Agree,Disagree,Undecided,Undecided,Strongly Agree,Agree,Undecided,Strongly Agree,Agree,Strongly Disagree,Undecided,Strongly Agree,Disagree,Agree,Disagree,Disagree,Undecided,,1950,Female,72347557,PopCulture,
2017-11-28 00:35:09,2017-11-28 00:38:17,IP Address,108.89.35.172,100,187,True,2017-11-28 00:38:18,R_pDZpnunM02ppk6l,,,,,37.425003051758,-121.94599914551,anonymous,EN,Strongly Agree,Undecided,Disagree,Agree,Undecided,Undecided,Undecided,Disagree,Strongly Disagree,Agree,Agree,Disagree,Disagree,Disagree,Undecided,Undecided,Undecided,Agree,Undecided,Agree,,,,,,,,,,,,,,,,,,,,,,1982,Male,55727230,Science,
2017-11-28 00:38:29,2017-11-28 00:39:53,IP Address,47.145.104.199,100,84,True,2017-11-28 00:39:54,R_12bZcJTIVqhI2Yk,,,,,33.8583984375,-118.06480407715,anonymous,EN,Agree,Agree,Agree,Undecided,Undecided,Undecided,Strongly Agree,Undecided,Undecided,Agree,Disagree,Undecided,Strongly Disagree,Undecided,Agree,Undecided,Undecided,Disagree,Disagree,Undecided,,,,,,,,,,,,,,,,,,,,,,1985,Male,46681519,Science,
2017-11-28 00:35:57,2017-11-28 00:39:55,IP Address,41.212.183.84,100,237,True,2017-11-28 00:39:56,R_2YPvqFPF2fqoPlU,,,,,-20.161895751953,57.498901367188,anonymous,EN,,,,,,,,,,,,,,,,,,,,,Agree,Agree,Agree,Agree,Disagree,Undecided,Agree,Undecided,Undecided,Agree,Agree,Undecided,Agree,Agree,Agree,Undecided,Undecided,Agree,Strongly Agree,Disagree,,1995,Male,55325937,PopCulture,
2017-11-28 00:37:23,2017-11-28 00:40:57,IP Address,45.49.240.55,100,214,True,2017-11-28 00:40:58,R_1rHww5tLLJiDm1c,,,,,34.079696655273,-118.54840087891,anonymous,EN,,,,,,,,,,,,,,,,,,,,,Undecided,Strongly Disagree,Agree,Undecided,Strongly Disagree,Agree,Agree,Agree,Agree,Agree,Strongly Agree,Agree,Disagree,Disagree,Disagree,Agree,Undecided,Disagree,Strongly Agree,Agree,,1988,Female,27883315,PopCulture,
2017-11-28 00:44:19,2017-11-28 00:46:36,IP Address,174.216.14.248,100,137,True,2017-11-28 00:46:37,R_3MS9I9e0rriNg4b,,,,,47.606201171875,-122.33209991455,anonymous,EN,Strongly Agree,Strongly Disagree,Strongly Agree,Undecided,Undecided,Agree,Strongly Agree,Strongly Agree,Strongly Agree,Strongly Agree,Strongly Disagree,Strongly Agree,Strongly Disagree,Strongly Agree,Undecided,Strongly Agree,Strongly Agree,Disagree,Disagree,Strongly Disagree,,,,,,,,,,,,,,,,,,,,,,1984,Female,78612836,Science,
2017-11-28 00:48:10,2017-11-28 00:49:42,IP Address,107.213.216.165,100,92,True,2017-11-28 00:49:43,R_Uucog1v1medfzlD,,,,,25.658599853516,-80.356796264648,anonymous,EN,,,,,,,,,,,,,,,,,,,,,Agree,Agree,Undecided,Agree,Strongly Agree,Agree,Agree,Undecided,Undecided,Strongly Agree,Agree,Undecided,Undecided,Undecided,Agree,Strongly Agree,Agree,Undecided,Agree,Undecided,Agree,1973,Female,45679249,PopCulture,
2017-11-28 00:57:43,2017-11-28 01:00:15,IP Address,173.244.48.37,100,152,True,2017-11-28 01:00:16,R_2VlQBYw57RsM6ft,,,,,34.054397583008,-118.2440032959,anonymous,EN,Agree,Disagree,Agree,Agree,Disagree,Undecided,Disagree,Disagree,Agree,Agree,Disagree,Disagree,Strongly Disagree,Undecided,Disagree,Undecided,Agree,Disagree,Agree,Disagree,,,,,,,,,,,,,,,,,,,,,,1968,Female,65600827,Science,
2017-11-28 01:09:43,2017-11-28 01:13:50,IP Address,65.183.153.99,100,246,True,2017-11-28 01:13:51,R_3PuefVkaHkZ5Ura,,,,,44.47590637207,-73.212097167969,anonymous,EN,,,,,,,,,,,,,,,,,,,,,Strongly Agree,Agree,Disagree,Strongly Disagree,Disagree,Undecided,Agree,Undecided,Agree,Disagree,Strongly Disagree,Agree,Agree,Strongly Agree,Agree,Disagree,Undecided,Disagree,Agree,Strongly Agree,,1998,Male,89388013,PopCulture,
2017-11-28 01:12:59,2017-11-28 01:16:18,IP Address,173.68.118.236,100,198,True,2017-11-28 01:16:19,R_9MmH7SQGXmEN6ud,,,,,40.750595092773,-73.82039642334,anonymous,EN,,,,,,,,,,,,,,,,,,,,,Undecided,Agree,Agree,Undecided,Undecided,Undecided,Disagree,Strongly Agree,Disagree,Strongly Agree,Strongly Agree,Disagree,Disagree,Undecided,Strongly Agree,Undecided,Undecided,Agree,Agree,Agree,,1988,Male,52450767,PopCulture,
2017-11-28 01:18:31,2017-11-28 01:20:45,IP Address,70.241.244.132,100,134,True,2017-11-28 01:20:46,R_1osPzmRsE4ZCpXa,,,,,32.825393676758,-96.683097839355,anonymous,EN,Disagree,Agree,Disagree,Undecided,Disagree,Strongly Disagree,Disagree,Strongly Disagree,Strongly Disagree,Undecided,Agree,Strongly Disagree,Strongly Agree,Disagree,Undecided,Disagree,Undecided,Undecided,Undecided,Strongly Agree,,,,,,,,,,,,,,,,,,,,,,1991,Female,10045433,Science,
2017-11-28 01:45:04,2017-11-28 01:47:21,IP Address,172.9.185.214,100,136,True,2017-11-28 01:47:22,R_2BySZ0wuIYnprgW,,,,,33.89990234375,-117.44049835205,anonymous,EN,,,,,,,,,,,,,,,,,,,,,Strongly Agree,Disagree,Agree,Undecided,Strongly Agree,Undecided,Agree,Strongly Disagree,Strongly Disagree,Undecided,Agree,Undecided,Strongly Disagree,Disagree,Strongly Agree,Strongly Disagree,Undecided,Disagree,Strongly Agree,Agree,,1995,Male,69716814,PopCulture,
2017-11-28 01:53:35,2017-11-28 01:56:22,IP Address,108.243.20.180,100,167,True,2017-11-28 01:56:22,R_1LTYc4jKz4T0VVa,,,,,42.931396484375,-85.649696350098,anonymous,EN,Strongly Disagree,Strongly Agree,Strongly Agree,Strongly Agree,Strongly Agree,Strongly Agree,Strongly Agree,Strongly Agree,Strongly Agree,Strongly Agree,Strongly Disagree,Strongly Disagree,Strongly Disagree,Strongly Disagree,Strongly Agree,Strongly Agree,Strongly Agree,Strongly Agree,Strongly Agree,Strongly Disagree,,,,,,,,,,,,,,,,,,,,,,1973,Female,34394311,Science,
2017-11-28 01:55:41,2017-11-28 02:00:46,IP Address,24.198.188.151,100,305,True,2017-11-28 02:00:47,R_217CECEHpwdf332,,,,,44.382904052734,-69.950103759766,anonymous,EN,,,,,,,,,,,,,,,,,,,,,Strongly Agree,Agree,Agree,Undecided,Strongly Disagree,Agree,Agree,Disagree,Disagree,Disagree,Strongly Agree,Undecided,Agree,Agree,Strongly Agree,Strongly Agree,Agree,Strongly Agree,Undecided,Strongly Agree,,1966,Male,78458466,PopCulture,
2017-11-28 01:59:44,2017-11-28 02:02:03,IP Address,24.116.233.208,100,139,True,2017-11-28 02:02:04,R_2wQX3bjZ0Zh1Osd,,,,,43.4375,-116.32319641113,anonymous,EN,Disagree,Strongly Agree,Agree,Disagree,Disagree,Agree,Agree,Strongly Agree,Disagree,Strongly Agree,Agree,Undecided,Agree,Disagree,Undecided,Strongly Agree,Agree,Agree,Disagree,Agree,,,,,,,,,,,,,,,,,,,,,,1985,Male,34253753,Science,
2017-11-28 02:01:36,2017-11-28 02:03:26,IP Address,45.3.74.197,100,109,True,2017-11-28 02:03:27,R_OlkO2NJlwOy2zzb,,,,,37.179092407227,-80.351501464844,anonymous,EN,Strongly Agree,Strongly Disagree,Agree,Agree,Agree,Strongly Agree,Agree,Strongly Agree,Agree,Agree,Undecided,Disagree,Strongly Disagree,Agree,Strongly Disagree,Disagree,Agree,Agree,Disagree,Agree,,,,,,,,,,,,,,,,,,,,,,1997,Male,24054557,Science,
2017-11-28 02:04:18,2017-11-28 02:06:06,IP Address,52.144.46.197,100,108,True,2017-11-28 02:06:07,R_2q1PSUrRQjIPmi5,,,,,40.714294433594,-74.005996704102,anonymous,EN,,,,,,,,,,,,,,,,,,,,,Agree,Strongly Agree,Strongly Agree,Strongly Agree,Agree,Strongly Agree,Strongly Agree,Strongly Agree,Agree,Strongly Agree,Agree,Agree,Agree,Agree,Strongly Agree,Strongly Agree,Agree,Agree,Agree,Agree,,1987,Male,33469146,PopCulture,
2017-11-28 02:05:27,2017-11-28 02:11:18,IP Address,71.63.23.76,100,350,True,2017-11-28 02:11:18,R_1Q57Y68jyIubdQJ,,,,,38.272399902344,-77.593200683594,anonymous,EN,Strongly Agree,Strongly Agree,Strongly Agree,Strongly Agree,Strongly Disagree,Strongly Agree,Strongly Disagree,Strongly Disagree,Strongly Disagree,Strongly Agree,Strongly Disagree,Strongly Agree,Undecided,Strongly Disagree,Agree,Strongly Agree,Strongly Disagree,Strongly Disagree,Strongly Agree,Strongly Disagree,,,,,,,,,,,,,,,,,,,,,,1947,Male,18822763,Science,
2017-11-28 02:28:32,2017-11-28 02:30:49,IP Address,68.199.17.30,100,137,True,2017-11-28 02:30:50,R_1Eb88n111sNHmMh,,,,,40.644897460938,-73.958297729492,anonymous,EN,Disagree,Strongly Agree,Agree,Agree,Agree,Disagree,Agree,Agree,Agree,Disagree,Disagree,Agree,Agree,Disagree,Disagree,Agree,Disagree,Disagree,Agree,Disagree,,,,,,,,,,,,,,,,,,,,,,1981,Male,18730424,Science,
2017-11-28 02:41:58,2017-11-28 02:44:35,IP Address,173.25.89.15,100,156,True,2017-11-28 02:44:36,R_3hF27i9GmF68svQ,,,,,39.794204711914,-88.273399353027,anonymous,EN,,,,,,,,,,,,,,,,,,,,,Agree,Strongly Disagree,Agree,Agree,Disagree,Undecided,Agree,Disagree,Disagree,Agree,Agree,Agree,Agree,Disagree,Agree,Disagree,Disagree,Disagree,Disagree,Disagree,,1960,Female,58945745,PopCulture,
2017-11-28 02:44:40,2017-11-28 02:48:25,IP Address,104.175.131.221,100,224,True,2017-11-28 02:48:26,R_sYFfZISZFZosvxD,,,,,33.908096313477,-117.10820007324,anonymous,EN,,,,,,,,,,,,,,,,,,,,,Undecided,Disagree,Agree,Strongly Agree,Agree,Undecided,Agree,Undecided,Agree,Agree,Agree,Agree,Agree,Agree,Undecided,Undecided,Undecided,Undecided,Strongly Agree,Undecided,,1993,Female,93765800,PopCulture,
2017-11-28 02:50:40,2017-11-28 02:52:33,IP Address,172.14.135.32,100,113,True,2017-11-28 02:52:34,R_2Rb4K5DkzSfmuOt,,,,,34.510192871094,-118.68040466309,anonymous,EN,Disagree,Agree,Agree,Agree,Disagree,Agree,Agree,Agree,Disagree,Agree,Disagree,Disagree,Disagree,Disagree,Disagree,Undecided,Agree,Agree,Disagree,Strongly Agree,,,,,,,,,,,,,,,,,,,,,,1991,Male,20318579,Science,
2017-11-28 02:54:28,2017-11-28 02:56:26,IP Address,73.12.81.160,100,118,True,2017-11-28 02:56:27,R_1Kp5NwV373tgnjt,,,,,37.835098266602,-78.281196594238,anonymous,EN,Disagree,Agree,Undecided,Agree,Undecided,Undecided,Strongly Disagree,Strongly Disagree,Strongly Disagree,Strongly Agree,Strongly Disagree,Strongly Disagree,Strongly Disagree,Disagree,Strongly Agree,Agree,Disagree,Undecided,Strongly Disagree,Strongly Agree,,,,,,,,,,,,,,,,,,,,,,1996,Male,74246769,Science,
2017-11-28 02:56:21,2017-11-28 03:00:36,IP Address,24.197.166.19,100,254,True,2017-11-28 03:00:37,R_9QCbQycwOU5FKpj,,,,,34.051498413086,-84.071296691895,anonymous,EN,,,,,,,,,,,,,,,,,,,,,Undecided,Undecided,Agree,Undecided,Agree,Undecided,Undecided,Agree,Agree,Undecided,Strongly Agree,Undecided,Agree,Strongly Disagree,Agree,Undecided,Agree,Undecided,Agree,Disagree,,1954,Female,19207138,PopCulture,
2017-11-28 03:00:00,2017-11-28 03:03:41,IP Address,75.177.35.147,100,220,True,2017-11-28 03:03:42,R_2dzpEf7OgToflKe,,,,,36.194305419922,-79.396003723145,anonymous,EN,Agree,Agree,Agree,Agree,Undecided,Undecided,Undecided,Disagree,Disagree,Strongly Agree,Agree,Disagree,Agree,Agree,Strongly Agree,Undecided,Undecided,Disagree,Agree,Disagree,,,,,,,,,,,,,,,,,,,,,,1992,Female,54234361,Science,
2017-11-28 03:08:48,2017-11-28 03:12:05,IP Address,66.8.231.140,100,197,True,2017-11-28 03:12:06,R_2ro92tsxxOFz90e,,,,,19.710800170898,-155.87399291992,anonymous,EN,Agree,Agree,Agree,Agree,Undecided,Agree,Disagree,Agree,Undecided,Agree,Disagree,Agree,Agree,Disagree,Undecided,Disagree,Agree,Agree,Agree,Agree,,,,,,,,,,,,,,,,,,,,,,1989,Male,45612656,Science,
2017-11-28 03:21:49,2017-11-28 03:27:55,IP Address,173.124.212.211,100,365,True,2017-11-28 03:27:55,R_2vkUsItl3pTK7EK,,,,,40.911102294922,-74.142501831055,anonymous,EN,,,,,,,,,,,,,,,,,,,,,Agree,Agree,Agree,Agree,Strongly Disagree,Undecided,Undecided,Agree,Agree,Undecided,Agree,Disagree,Agree,Undecided,Agree,Undecided,Agree,Agree,Strongly Agree,Agree,,1974,Female,50243584,PopCulture,
2017-11-27 23:35:55,2017-11-27 23:36:01,IP Address,108.5.246.7,48,6,False,2017-11-28 03:36:28,R_2OZmSWUOK0f8Ena,,,,,,,anonymous,EN,,,,,,,,,,,,,,,,,,,,,,,,,,,,,,,,,,,,,,,,,,,,30585406,PopCulture,
2017-11-28 03:37:51,2017-11-28 03:40:40,IP Address,42.109.143.251,100,169,True,2017-11-28 03:40:41,R_e8OQCWJ6PHoDJoR,,,,,12.983306884766,77.583312988281,anonymous,EN,Strongly Agree,Undecided,Strongly Agree,Agree,Undecided,Strongly Agree,Strongly Agree,Agree,Disagree,Strongly Agree,Undecided,Agree,Strongly Disagree,Disagree,Undecided,Undecided,Agree,Agree,Agree,Strongly Agree,,,,,,,,,,,,,,,,,,,,,,1987,Male,30456983,Science,
2017-11-28 03:40:27,2017-11-28 03:43:20,IP Address,121.99.130.230,100,172,True,2017-11-28 03:43:21,R_1IBlbhVdDsE0mRU,,,,,-37.667404174805,175.15548706055,anonymous,EN,,,,,,,,,,,,,,,,,,,,,Disagree,Agree,Disagree,Undecided,Agree,Undecided,Disagree,Agree,Disagree,Agree,Agree,Agree,Disagree,Disagree,Agree,Agree,Disagree,Agree,Disagree,Agree,,1982,Female,27511061,PopCulture,
2017-11-27 23:43:10,2017-11-27 23:43:21,IP Address,157.50.21.102,50,10,False,2017-11-28 03:43:32,R_322AT1pT3TNF9IK,,,,,,,anonymous,EN,,,,,,,,,,,,,,,,,,,,,,,,,Agree,,,,,,,,,,,,,,,,,,,40395903,PopCulture,
2017-11-28 03:45:26,2017-11-28 03:50:51,IP Address,173.234.62.155,100,325,True,2017-11-28 03:50:52,R_337qtaV2jEa1hQ7,,,,,41.848297119141,-87.629096984863,anonymous,EN,Disagree,Agree,Agree,Agree,Agree,Agree,Undecided,Disagree,Agree,Agree,Disagree,Disagree,Agree,Disagree,Undecided,Agree,Undecided,Undecided,Agree,Agree,,,,,,,,,,,,,,,,,,,,,,1996,Female,20544576,Science,
2017-11-28 03:51:35,2017-11-28 03:53:22,IP Address,69.47.37.117,100,106,True,2017-11-28 03:53:23,R_2zi19JaGQVDQFfj,,,,,41.693496704102,-87.614501953125,anonymous,EN,,,,,,,,,,,,,,,,,,,,,Agree,Disagree,Undecided,Disagree,Strongly Disagree,Undecided,Strongly Disagree,Strongly Agree,Undecided,Agree,Strongly Disagree,Disagree,Undecided,Strongly Agree,Strongly Agree,Strongly Agree,Undecided,Disagree,Agree,Strongly Agree,,1984,Male,63116901,PopCulture,
2017-11-27 23:58:53,2017-11-27 23:59:18,IP Address,157.50.22.77,50,24,False,2017-11-28 04:00:01,R_27cXlQqoNsex2YI,,,,,,,anonymous,EN,,,,,,,,,,,,,,,,,,,,,,,,,,,,,,,,,Agree,,,,,,,,,,,10527583,PopCulture,
2017-11-28 04:03:47,2017-11-28 04:06:45,IP Address,24.101.173.128,100,178,True,2017-11-28 04:06:46,R_2zHBYJhGRXHmuEq,,,,,41.625793457031,-79.696403503418,anonymous,EN,,,,,,,,,,,,,,,,,,,,,Undecided,Disagree,Agree,Agree,Disagree,Agree,Disagree,Agree,Agree,Agree,Agree,Undecided,Disagree,Disagree,Disagree,Disagree,Agree,Agree,Agree,Undecided,,1976,Female,63870990,PopCulture,
2017-11-28 04:09:17,2017-11-28 04:11:51,IP Address,162.197.73.173,100,153,True,2017-11-28 04:11:51,R_25vcf1OcAcPp0yU,,,,,41.073806762695,-80.654998779297,anonymous,EN,Agree,Agree,Disagree,Agree,Undecided,Agree,Undecided,Undecided,Strongly Agree,Disagree,Agree,Strongly Disagree,Undecided,Agree,Undecided,Undecided,Agree,Undecided,Agree,Agree,,,,,,,,,,,,,,,,,,,,,,1951,Male,93035216,Science,
2017-11-28 04:27:16,2017-11-28 04:29:08,IP Address,69.174.173.116,100,112,True,2017-11-28 04:29:09,R_z711NFBZO3smaY1,,,,,40.466094970703,-88.903396606445,anonymous,EN,Undecided,Undecided,Undecided,Undecided,Undecided,Undecided,Strongly Agree,Undecided,Undecided,Agree,Undecided,Undecided,Undecided,Undecided,Undecided,Undecided,Undecided,Undecided,Undecided,Strongly Agree,,,,,,,,,,,,,,,,,,,,,Undecided,1991,Male,77144322,Science,
2017-11-28 04:45:04,2017-11-28 04:49:31,IP Address,73.169.86.131,100,266,True,2017-11-28 04:49:32,R_1o7GaaVYyyhOf1q,,,,,39.703598022461,-104.77239990234,anonymous,EN,,,,,,,,,,,,,,,,,,,,,Disagree,Agree,Agree,Agree,Disagree,Undecided,Agree,Disagree,Disagree,Strongly Agree,Agree,Disagree,Disagree,Strongly Disagree,Strongly Agree,Agree,Disagree,Strongly Disagree,Agree,Agree,,1962,Female,90560474,PopCulture,
2017-11-28 04:49:10,2017-11-28 04:51:28,IP Address,192.251.13.62,100,137,True,2017-11-28 04:51:29,R_3aSzdN74Y7rsYmJ,,,,,40.090194702148,-75.393699645996,anonymous,EN,,,,,,,,,,,,,,,,,,,,,Undecided,Strongly Agree,Disagree,Undecided,Strongly Disagree,Undecided,Agree,Strongly Agree,Agree,Agree,Strongly Disagree,Strongly Disagree,Undecided,Strongly Disagree,Strongly Agree,Disagree,Strongly Disagree,Agree,Agree,Agree,,1969,Male,13261243,PopCulture,
2017-11-28 05:00:38,2017-11-28 05:02:37,IP Address,158.222.181.131,100,119,True,2017-11-28 05:02:38,R_WimwaFY2hqOgK4h,,,,,40.623397827148,-74.028800964355,anonymous,EN,Strongly Agree,Undecided,Agree,Agree,Disagree,Agree,Agree,Agree,Disagree,Strongly Agree,Strongly Disagree,Disagree,Strongly Disagree,Disagree,Undecided,Agree,Disagree,Agree,Disagree,Disagree,,,,,,,,,,,,,,,,,,,,,,1993,Female,52135783,Science,
2017-11-28 05:07:42,2017-11-28 05:11:07,IP Address,71.195.15.101,100,204,True,2017-11-28 05:11:08,R_25YesOJdKnlwvnV,,,,,44.823104858398,-93.374496459961,anonymous,EN,Agree,Agree,Disagree,Agree,Disagree,Agree,Strongly Agree,Agree,Disagree,Strongly Agree,Disagree,Agree,Strongly Disagree,Agree,Disagree,Agree,Disagree,Agree,Disagree,Strongly Agree,,,,,,,,,,,,,,,,,,,,,,1961,Female,44770526,Science,
2017-11-28 05:09:58,2017-11-28 05:11:29,IP Address,103.66.79.209,100,90,True,2017-11-28 05:11:29,R_Xp0UUhhdLeEtMPL,,,,,13.083297729492,80.283294677734,anonymous,EN,,,,,,,,,,,,,,,,,,,,,Strongly Agree,Strongly Agree,Undecided,Agree,Agree,Agree,Agree,Strongly Agree,Strongly Agree,Agree,Agree,Agree,Undecided,Undecided,Agree,Agree,Undecided,Disagree,Disagree,Strongly Agree,Undecided,1981,Male,65266404,PopCulture,
2017-11-28 05:26:32,2017-11-28 05:29:36,IP Address,196.52.2.14,100,183,True,2017-11-28 05:29:37,R_5zM04fDk5TVQEPn,,,,,40.714294433594,-74.005996704102,anonymous,EN,,,,,,,,,,,,,,,,,,,,,Strongly Disagree,Strongly Agree,Undecided,Undecided,Agree,Undecided,Agree,Disagree,Undecided,Agree,Strongly Disagree,Undecided,Strongly Disagree,Undecided,Strongly Agree,Disagree,Undecided,Agree,Disagree,Agree,,1979,Female,97403498,PopCulture,
2017-11-28 05:28:40,2017-11-28 05:29:51,IP Address,24.145.87.106,100,71,True,2017-11-28 05:29:52,R_2uBAB38kqa9ksIs,,,,,33.598205566406,-81.671203613281,anonymous,EN,Undecided,Disagree,Agree,Undecided,Agree,Disagree,Agree,Agree,Undecided,Agree,Agree,Disagree,Agree,Agree,Disagree,Strongly Agree,Agree,Strongly Agree,Undecided,Undecided,,,,,,,,,,,,,,,,,,,,,Agree,1991,Male,23028270,Science,
2017-11-28 05:34:23,2017-11-28 05:36:11,IP Address,65.27.201.77,100,107,True,2017-11-28 05:36:12,R_1hKmPWsY4C1OjPv,,,,,39.78190612793,-84.241302490234,anonymous,EN,,,,,,,,,,,,,,,,,,,,,Undecided,Agree,Agree,Agree,Agree,Undecided,Strongly Agree,Agree,Agree,Agree,Strongly Agree,Agree,Undecided,Agree,Agree,Strongly Agree,Disagree,Strongly Disagree,Agree,Agree,,1984,Female,81935691,PopCulture,
2017-11-28 05:34:35,2017-11-28 05:36:50,IP Address,76.109.193.250,100,134,True,2017-11-28 05:36:51,R_1DuHkR6bRy4lGXg,,,,,25.701400756836,-80.358200073242,anonymous,EN,Strongly Disagree,Disagree,Agree,Agree,Agree,Undecided,Agree,Agree,Agree,Agree,Strongly Disagree,Disagree,Strongly Disagree,Undecided,Undecided,Undecided,Agree,Agree,Disagree,Agree,,,,,,,,,,,,,,,,,,,,,,1978,Female,59840752,Science,
2017-11-28 05:48:51,2017-11-28 05:49:58,IP Address,73.214.243.173,100,66,True,2017-11-28 05:49:59,R_3qR9NhpBeBqNbfT,,,,,40.335601806641,-79.55069732666,anonymous,EN,,,,,,,,,,,,,,,,,,,,,Agree,Undecided,Disagree,Strongly Agree,Disagree,Strongly Agree,Disagree,Strongly Agree,Strongly Agree,Strongly Agree,Strongly Disagree,Disagree,Strongly Disagree,Undecided,Agree,Strongly Agree,Strongly Disagree,Agree,Strongly Disagree,Agree,,1985,Female,16349143,PopCulture,
2017-11-28 05:52:39,2017-11-28 05:55:03,IP Address,75.185.1.122,100,144,True,2017-11-28 05:55:04,R_2TzYa8uc6up5Q5S,,,,,40.085296630859,-82.975196838379,anonymous,EN,Agree,Disagree,Strongly Agree,Agree,Undecided,Agree,Strongly Agree,Strongly Agree,Strongly Agree,Strongly Agree,Disagree,Disagree,Strongly Disagree,Agree,Undecided,Disagree,Agree,Undecided,Agree,Strongly Agree,,,,,,,,,,,,,,,,,,,,,,1980,Female,74255022,Science,
2017-11-28 05:57:23,2017-11-28 06:01:37,IP Address,12.218.182.74,100,253,True,2017-11-28 06:01:38,R_Rw4QAe5mafxhgB3,,,,,27.767807006836,-80.601402282715,anonymous,EN,,,,,,,,,,,,,,,,,,,,,Undecided,Agree,Agree,Undecided,Strongly Agree,Agree,Undecided,Strongly Agree,Agree,Undecided,Strongly Disagree,Undecided,Undecided,Disagree,Strongly Agree,Strongly Disagree,Undecided,Undecided,Undecided,Undecided,,1984,Male,86477208,PopCulture,
2017-11-28 06:04:55,2017-11-28 06:06:36,IP Address,161.69.122.14,100,100,True,2017-11-28 06:06:37,R_28NBfuW3OvykFJ0,,,,,37.396102905273,-121.96170043945,anonymous,EN,Undecided,Strongly Agree,Agree,Agree,Strongly Disagree,Agree,Agree,Strongly Disagree,Agree,Agree,Undecided,Strongly Disagree,Agree,Agree,Undecided,Agree,Undecided,Disagree,Undecided,Agree,,,,,,,,,,,,,,,,,,,,,,1986,Male,33540749,Science,
2017-11-28 06:04:03,2017-11-28 06:07:31,IP Address,47.186.101.198,100,208,True,2017-11-28 06:07:32,R_AbzhEQqPmYotNHr,,,,,33.016204833984,-96.538200378418,anonymous,EN,,,,,,,,,,,,,,,,,,,,,Undecided,Agree,Agree,Undecided,Disagree,Agree,Undecided,Undecided,Agree,Agree,Strongly Agree,Undecided,Disagree,Undecided,Strongly Agree,Undecided,Undecided,Agree,Agree,Undecided,,1979,Female,25802377,PopCulture,
2017-11-28 06:11:28,2017-11-28 06:14:11,IP Address,24.112.107.144,100,163,True,2017-11-28 06:14:12,R_2aCQGkxAXjkbKch,,,,,31.185806274414,-82.353897094727,anonymous,EN,,,,,,,,,,,,,,,,,,,,,Undecided,Agree,Disagree,Disagree,Agree,Undecided,Disagree,Undecided,Agree,Agree,Disagree,Undecided,Agree,Agree,Strongly Agree,Strongly Agree,Agree,Disagree,Strongly Disagree,Disagree,,1979,Female,67828598,PopCulture,
2017-11-28 06:06:41,2017-11-28 06:14:44,IP Address,68.204.11.187,100,482,True,2017-11-28 06:14:45,R_2SjDfylKQ4zOLRd,,,,,28.681198120117,-81.276298522949,anonymous,EN,Strongly Agree,Disagree,Strongly Agree,Strongly Agree,Disagree,Strongly Agree,Agree,Agree,Strongly Agree,Strongly Agree,Strongly Disagree,Agree,Strongly Disagree,Disagree,Strongly Disagree,Strongly Agree,Strongly Agree,Disagree,Agree,Strongly Agree,,,,,,,,,,,,,,,,,,,,,,1985,Female,33126044,Science,
2017-11-28 06:16:24,2017-11-28 06:17:56,IP Address,208.94.41.227,100,92,True,2017-11-28 06:17:57,R_2dKeoQXG0KszxQL,,,,,40.654296875,-79.482902526855,anonymous,EN,Strongly Agree,Agree,Agree,Agree,Disagree,Strongly Agree,Undecided,Agree,Disagree,Strongly Agree,Undecided,Disagree,Strongly Disagree,Agree,Disagree,Agree,Agree,Undecided,Disagree,Disagree,,,,,,,,,,,,,,,,,,,,,,1995,Female,58109225,Science,
2017-11-28 06:24:15,2017-11-28 06:26:11,IP Address,173.92.71.115,100,115,True,2017-11-28 06:26:12,R_R7VtqhHpvrZ5TZT,,,,,35.131103515625,-80.851196289062,anonymous,EN,,,,,,,,,,,,,,,,,,,,,Undecided,Disagree,Undecided,Strongly Agree,Strongly Disagree,Undecided,Agree,Agree,Strongly Agree,Agree,Strongly Agree,Agree,Strongly Agree,Agree,Strongly Agree,Undecided,Agree,Disagree,Strongly Agree,Agree,,1984,Female,75390207,PopCulture,
2017-11-28 06:25:53,2017-11-28 06:28:15,IP Address,72.152.75.209,100,141,True,2017-11-28 06:28:16,R_2Cgs5V1bZDPlbrJ,,,,,33.558303833008,-85.000801086426,anonymous,EN,,,,,,,,,,,,,,,,,,,,,Strongly Agree,Disagree,Agree,Strongly Agree,Agree,Strongly Agree,Disagree,Agree,Agree,Disagree,Strongly Disagree,Undecided,Disagree,Agree,Disagree,Undecided,Undecided,Agree,Agree,Agree,,1986,Female,17111780,PopCulture,
2017-11-28 02:27:43,2017-11-28 02:28:16,IP Address,68.199.17.30,48,32,False,2017-11-28 06:28:28,R_211BGO3GJCec0xI,,,,,,,anonymous,EN,,,,,,,,,,,,,,,,,,,,,,,,,,,,,,,,,,,,,,,,,,,,56142209,PopCulture,
2017-11-28 06:27:30,2017-11-28 06:29:44,IP Address,24.22.216.204,100,134,True,2017-11-28 06:29:45,R_AMoiFUm9VrY9GZr,,,,,47.754302978516,-122.1634979248,anonymous,EN,Agree,Agree,Agree,Agree,Disagree,Undecided,Undecided,Undecided,Disagree,Agree,Strongly Disagree,Strongly Disagree,Undecided,Agree,Undecided,Agree,Disagree,Disagree,Agree,Disagree,,,,,,,,,,,,,,,,,,,,,,1982,Male,41783831,Science,
2017-11-28 06:27:46,2017-11-28 06:30:03,IP Address,96.19.53.200,100,137,True,2017-11-28 06:30:04,R_ZxhxoQxv5ifWv5f,,,,,43.428497314453,-112.00409698486,anonymous,EN,Agree,Agree,Agree,Agree,Agree,Agree,Disagree,Agree,Agree,Agree,Disagree,Agree,Disagree,Disagree,Disagree,Agree,Agree,Agree,Agree,Disagree,,,,,,,,,,,,,,,,,,,,,,1956,Male,32265117,Science,
2017-11-28 06:32:33,2017-11-28 06:35:03,IP Address,65.88.88.179,100,150,True,2017-11-28 06:35:04,R_enfhFCJjeUOSA1z,,,,,40.762496948242,-73.950302124023,anonymous,EN,,,,,,,,,,,,,,,,,,,,,Undecided,Agree,Undecided,Undecided,Agree,Undecided,Agree,Agree,Undecided,Undecided,Agree,Agree,Disagree,Disagree,Agree,Undecided,Strongly Disagree,Agree,Agree,Undecided,,1963,Male,75022003,PopCulture,
2017-11-28 06:47:02,2017-11-28 06:49:09,IP Address,74.137.60.167,100,126,True,2017-11-28 06:49:10,R_TjECzCoEwt7E0jT,,,,,38.361999511719,-85.889198303223,anonymous,EN,Undecided,Agree,Agree,Agree,Agree,Agree,Undecided,Agree,Disagree,Strongly Agree,Undecided,Disagree,Disagree,Agree,Agree,Disagree,Agree,Agree,Agree,Strongly Disagree,,,,,,,,,,,,,,,,,,,,,,1989,Female,41116869,Science,
2017-11-28 06:50:14,2017-11-28 06:51:54,IP Address,24.118.182.202,100,100,True,2017-11-28 06:51:55,R_3rYWpT1A5WKKam5,,,,,44.839996337891,-93.036499023438,anonymous,EN,Undecided,Agree,Undecided,Disagree,Disagree,Agree,Strongly Agree,Agree,Strongly Disagree,Agree,Undecided,Strongly Disagree,Strongly Disagree,Disagree,Undecided,Agree,Disagree,Agree,Undecided,Disagree,,,,,,,,,,,,,,,,,,,,,,1981,Female,20099126,Science,
2017-11-28 06:39:32,2017-11-28 06:54:48,IP Address,108.46.76.91,100,915,True,2017-11-28 06:54:49,R_2flAMX85WLSOxiN,,,,,40.602401733398,-73.763702392578,anonymous,EN,,,,,,,,,,,,,,,,,,,,,Agree,Undecided,Agree,Disagree,Undecided,Agree,Agree,Undecided,Agree,Undecided,Agree,Disagree,Disagree,Undecided,Agree,Disagree,Strongly Agree,Agree,Agree,Disagree,,1990,Male,45705443,PopCulture,
2017-11-28 06:56:18,2017-11-28 06:57:50,IP Address,132.147.20.195,100,92,True,2017-11-28 06:57:51,R_eOLMDOXbxKN7tkZ,,,,,33.598205566406,-81.671203613281,anonymous,EN,Agree,Disagree,Agree,Disagree,Agree,Disagree,Agree,Strongly Agree,Agree,Strongly Agree,Disagree,Agree,Strongly Disagree,Agree,Agree,Agree,Agree,Disagree,Disagree,Strongly Disagree,,,,,,,,,,,,,,,,,,,,,,1987,Male,84175929,Science,
2017-11-28 06:55:47,2017-11-28 06:58:14,IP Address,24.197.171.157,100,146,True,2017-11-28 06:58:15,R_PTErINHvWhxujW9,,,,,34.051498413086,-84.071296691895,anonymous,EN,,,,,,,,,,,,,,,,,,,,,Disagree,Agree,Undecided,Agree,Disagree,Undecided,Agree,Agree,Undecided,Disagree,Strongly Disagree,Undecided,Agree,Undecided,Agree,Undecided,Strongly Disagree,Undecided,Agree,Agree,,1978,Male,65477759,PopCulture,
2017-11-28 02:59:42,2017-11-28 03:00:20,IP Address,50.23.151.90,55,37,False,2017-11-28 07:00:24,R_2uxihKoCF9I0zpb,,,,,,,anonymous,EN,,,,,,,,,,,,,,,,,,,,,,,,Disagree,,,,,,,,,Agree,,,,,,,Undecided,,,,82566297,PopCulture,
2017-11-28 07:07:40,2017-11-28 07:09:40,IP Address,98.254.156.176,100,120,True,2017-11-28 07:09:42,R_2sXE8AzUd5FR2e5,,,,,27.249801635742,-80.379699707031,anonymous,EN,,,,,,,,,,,,,,,,,,,,,Undecided,Strongly Disagree,Agree,Strongly Disagree,Strongly Agree,Strongly Agree,Undecided,Strongly Agree,Agree,Disagree,Strongly Agree,Disagree,Agree,Disagree,Strongly Agree,Disagree,Strongly Agree,Strongly Disagree,Strongly Agree,Agree,,1978,Male,78065028,PopCulture,
2017-11-28 07:15:04,2017-11-28 07:16:22,IP Address,47.138.49.171,100,77,True,2017-11-28 07:16:23,R_2qrWH77EJnJOzzO,,,,,33.781600952148,-118.18589782715,anonymous,EN,,,,,,,,,,,,,,,,,,,,,Undecided,Undecided,Undecided,Strongly Agree,Agree,Undecided,Undecided,Strongly Agree,Undecided,Undecided,Undecided,Undecided,Undecided,Undecided,Undecided,Undecided,Strongly Disagree,Undecided,Undecided,Undecided,,1984,Male,16681170,PopCulture,
2017-11-28 07:14:21,2017-11-28 07:16:56,IP Address,98.111.248.244,100,155,True,2017-11-28 07:16:57,R_9zCA4zGO9AXUxpv,,,,,40.394805908203,-79.905601501465,anonymous,EN,,,,,,,,,,,,,,,,,,,,,Disagree,Agree,Disagree,Agree,Agree,Undecided,Agree,Agree,Agree,Agree,Disagree,Agree,Disagree,Disagree,Agree,Disagree,Agree,Agree,Disagree,Agree,,1960,Female,92359232,PopCulture,
2017-11-28 07:13:48,2017-11-28 07:20:29,IP Address,173.81.164.160,100,401,True,2017-11-28 07:20:30,R_3kzwYpM7AW56FHn,,,,,39.393905639648,-80.293899536133,anonymous,EN,Strongly Agree,Undecided,Strongly Agree,Strongly Agree,Strongly Disagree,Strongly Agree,Strongly Agree,Strongly Agree,Strongly Disagree,Strongly Agree,Strongly Agree,Strongly Agree,Strongly Disagree,Agree,Strongly Agree,Strongly Agree,Strongly Agree,Strongly Agree,Undecided,Strongly Agree,,,,,,,,,,,,,,,,,,,,,,1984,Female,38526283,Science,
2017-11-28 07:22:29,2017-11-28 07:25:20,IP Address,73.64.34.114,100,171,True,2017-11-28 07:25:21,R_1QxQ15NqGHaHJ8u,,,,,40.045806884766,-77.480697631836,anonymous,EN,Undecided,Undecided,Strongly Disagree,Agree,Undecided,Disagree,Strongly Agree,Agree,Strongly Agree,Strongly Agree,Disagree,Strongly Disagree,Strongly Agree,Strongly Disagree,Undecided,Strongly Agree,Agree,Agree,Agree,Agree,,,,,,,,,,,,,,,,,,,,,,1962,Female,51843642,Science,
2017-11-28 07:26:14,2017-11-28 07:32:00,IP Address,71.73.96.209,100,346,True,2017-11-28 07:32:01,R_qKO4LMgPRv9c413,,,,,41.235000610352,-81.343399047852,anonymous,EN,,,,,,,,,,,,,,,,,,,,,Agree,Strongly Disagree,Disagree,Agree,Strongly Disagree,Undecided,Strongly Agree,Agree,Strongly Agree,Agree,Disagree,Undecided,Strongly Disagree,Undecided,Agree,Undecided,Agree,Agree,Strongly Disagree,Undecided,,1972,Female,17235637,PopCulture,
2017-11-28 07:44:33,2017-11-28 07:46:42,IP Address,66.239.202.58,100,129,True,2017-11-28 07:46:43,R_3F3AADMh2cRRzDt,,,,,27.957794189453,-82.462196350098,anonymous,EN,,,,,,,,,,,,,,,,,,,,,Undecided,Agree,Strongly Agree,Strongly Agree,Agree,Agree,Disagree,Agree,Disagree,Undecided,Agree,Strongly Disagree,Agree,Undecided,Strongly Agree,Agree,Undecided,Agree,Agree,Disagree,,1991,Female,17942819,PopCulture,
2017-11-28 07:51:28,2017-11-28 07:52:44,IP Address,50.24.98.165,100,76,True,2017-11-28 07:52:45,R_Oa5i5cEypmc5SuJ,,,,,30.567001342773,-96.283699035645,anonymous,EN,Strongly Agree,Strongly Agree,Strongly Agree,Strongly Agree,Strongly Agree,Strongly Agree,Strongly Agree,Strongly Agree,Strongly Agree,Strongly Agree,Strongly Disagree,Strongly Disagree,Strongly Agree,Strongly Agree,Strongly Agree,Strongly Agree,Strongly Agree,Strongly Agree,Strongly Disagree,Strongly Disagree,,,,,,,,,,,,,,,,,,,,,,1987,Male,99756726,Science,
2017-11-28 07:52:23,2017-11-28 07:58:24,IP Address,99.13.251.138,100,360,True,2017-11-28 07:58:25,R_1j6pFJFHHQzF1dL,,,,,28.996994018555,-81.056297302246,anonymous,EN,,,,,,,,,,,,,,,,,,,,,Undecided,Strongly Agree,Undecided,Undecided,Undecided,Undecided,Undecided,Strongly Agree,Undecided,Strongly Agree,Strongly Disagree,Undecided,Undecided,Strongly Disagree,Strongly Agree,Strongly Disagree,Strongly Disagree,Strongly Disagree,Strongly Disagree,Undecided,,1951,Female,70372736,PopCulture,
2017-11-28 08:10:43,2017-11-28 08:13:02,IP Address,107.12.36.230,100,139,True,2017-11-28 08:13:03,R_SPmPrGSY92cZ3Lr,,,,,34.759506225586,-77.501899719238,anonymous,EN,Disagree,Undecided,Agree,Undecided,Strongly Disagree,Agree,Strongly Agree,Undecided,Strongly Agree,Strongly Agree,Disagree,Agree,Disagree,Disagree,Strongly Disagree,Agree,Disagree,Agree,Agree,Disagree,,,,,,,,,,,,,,,,,,,,,,1988,Female,51127399,Science,
2017-11-28 05:58:03,2017-11-28 05:59:02,IP Address,174.75.102.115,93,59,False,2017-11-28 09:59:18,R_ByvVCg7MVkBSdwd,,,,,,,anonymous,EN,Undecided,Strongly Agree,Strongly Agree,Undecided,Undecided,Strongly Agree,Strongly Agree,Strongly Agree,Strongly Agree,Strongly Agree,Strongly Disagree,Strongly Agree,Strongly Agree,Undecided,Disagree,Strongly Agree,Disagree,Agree,Strongly Agree,Strongly Disagree,,,,,,,,,,,,,,,,,,,,,,,,13537441,Science,
2017-11-28 07:18:05,2017-11-28 07:18:54,IP Address,70.162.37.9,14,49,False,2017-11-28 11:18:56,R_32PamhJ481eW7SQ,,,,,,,anonymous,EN,,,Agree,,,Undecided,,Agree,,,Disagree,,,,Agree,,,,,,,,,,,,,,,,,,,,,,,,,,,,,77096823,Science,
2017-11-28 12:41:35,2017-11-28 12:44:41,IP Address,172.11.141.167,100,185,True,2017-11-28 12:44:42,R_11ZPtk67ucFxieA,,,,,29.134796142578,-81.024803161621,anonymous,EN,,,,,,,,,,,,,,,,,,,,,Disagree,Strongly Agree,Agree,Disagree,Undecided,Undecided,Agree,Agree,Strongly Agree,Agree,Strongly Agree,Agree,Disagree,Disagree,Disagree,Agree,Agree,Agree,Strongly Disagree,Agree,,1991,Female,65251285,PopCulture,
2017-11-28 12:43:07,2017-11-28 12:45:18,IP Address,71.230.99.158,100,130,True,2017-11-28 12:45:19,R_0Th8PYY4giYghpf,,,,,40.195693969727,-74.812698364258,anonymous,EN,,,,,,,,,,,,,,,,,,,,,Undecided,Agree,Agree,Undecided,Agree,Undecided,Undecided,Agree,Undecided,Agree,Disagree,Undecided,Undecided,Undecided,Disagree,Disagree,Disagree,Agree,Agree,Undecided,,1987,Male,44884209,PopCulture,
2017-11-28 12:49:09,2017-11-28 12:52:20,IP Address,74.94.126.97,100,190,True,2017-11-28 12:52:21,R_2s1JHn3QeHqIHTD,,,,,41.584197998047,-87.495597839355,anonymous,EN,Agree,Disagree,Agree,Agree,Disagree,Agree,Strongly Agree,Strongly Agree,Strongly Agree,Agree,Disagree,Disagree,Agree,Disagree,Disagree,Agree,Agree,Disagree,Agree,Agree,,,,,,,,,,,,,,,,,,,,,,1978,Male,67948400,Science,
2017-11-28 12:53:57,2017-11-28 12:58:56,IP Address,73.106.76.154,100,299,True,2017-11-28 12:58:57,R_3dWbVoYhAwfwElK,,,,,34.033096313477,-84.601097106934,anonymous,EN,,,,,,,,,,,,,,,,,,,,,Disagree,Agree,Disagree,Disagree,Strongly Disagree,Undecided,Agree,Strongly Disagree,Undecided,Agree,Strongly Disagree,Disagree,Strongly Disagree,Strongly Disagree,Agree,Undecided,Disagree,Disagree,Disagree,Agree,,1965,Female,40132699,PopCulture,
2017-11-28 13:26:01,2017-11-28 13:27:58,IP Address,108.195.13.160,100,116,True,2017-11-28 13:27:59,R_1eFtX4tWMNXqlO3,,,,,25.933197021484,-80.162498474121,anonymous,EN,Strongly Agree,Agree,Strongly Agree,Strongly Agree,Undecided,Agree,Agree,Strongly Disagree,Strongly Disagree,Agree,Agree,Strongly Disagree,Agree,Disagree,Agree,Strongly Disagree,Disagree,Disagree,Agree,Agree,,,,,,,,,,,,,,,,,,,,,,1987,Female,53753712,Science,
